{"cameraMode":{"drawMode":0,"name":"Shaded","section":"Shading Mode"},"sceneLighting":false,"audioPlay":false,"sceneViewState":{"showFog":true,"showMaterialUpdate":false,"showSkybox":false,"showFlares":true,"showImageEffects":true,"showParticleSystems":true},"in2DMode":false,"pivot":{"x":-0.10422611236572266,"y":0.5821328163146973,"z":0.09562110900878906},"rotation":{"x":-0.104355588555336,"y":0.8897218108177185,"z":-0.2551785111427307,"w":-0.36385297775268557},"size":2.1557037830352785,"orthographic":false}