{"cameraMode":{"drawMode":0,"name":"Shaded","section":"Shading Mode"},"sceneLighting":false,"audioPlay":false,"sceneViewState":{"showFog":true,"showMaterialUpdate":false,"showSkybox":false,"showFlares":true,"showImageEffects":true,"showParticleSystems":true},"in2DMode":false,"pivot":{"x":-13.213159561157227,"y":-5.7230119705200199,"z":1.9956374168395997},"rotation":{"x":-0.12577137351036073,"y":0.8098117709159851,"z":-0.18816885352134705,"w":-0.5412753820419312},"size":24.12343978881836,"orthographic":false}