{"cameraMode":{"drawMode":0,"name":"Shaded","section":"Shading Mode"},"sceneLighting":false,"audioPlay":false,"sceneViewState":{"showFog":true,"showMaterialUpdate":false,"showSkybox":false,"showFlares":true,"showImageEffects":true,"showParticleSystems":true},"in2DMode":false,"pivot":{"x":1.6879043579101563,"y":1.7751370668411255,"z":6.88596248626709},"rotation":{"x":0.10902559757232666,"y":-0.583510160446167,"z":0.07944098114967346,"w":0.8008236289024353},"size":5.9447760581970219,"orthographic":false}