{"cameraMode":{"drawMode":0,"name":"Shaded","section":"Shading Mode"},"sceneLighting":false,"audioPlay":false,"sceneViewState":{"showFog":true,"showMaterialUpdate":false,"showSkybox":false,"showFlares":true,"showImageEffects":true,"showParticleSystems":true},"in2DMode":false,"pivot":{"x":0.26999998092651369,"y":0.2200000286102295,"z":-1.159999966621399},"rotation":{"x":-0.016441883519291879,"y":-0.20784752070903779,"z":0.003493740689009428,"w":-0.9780167937278748},"size":6.260772705078125,"orthographic":false}