{"cameraMode":{"drawMode":0,"name":"Shaded","section":"Shading Mode"},"sceneLighting":false,"audioPlay":false,"sceneViewState":{"showFog":true,"showMaterialUpdate":false,"showSkybox":false,"showFlares":true,"showImageEffects":true,"showParticleSystems":true},"in2DMode":false,"pivot":{"x":0.03933335468173027,"y":0.1365264654159546,"z":-0.03426802158355713},"rotation":{"x":-0.44177350401878359,"y":-0.027716929093003274,"z":0.01365650910884142,"w":-0.8965943455696106},"size":1.5431007146835328,"orthographic":false}