{"cameraMode":{"drawMode":0,"name":"Shaded","section":"Shading Mode"},"sceneLighting":false,"audioPlay":false,"sceneViewState":{"showFog":true,"showMaterialUpdate":false,"showSkybox":false,"showFlares":true,"showImageEffects":true,"showParticleSystems":true},"in2DMode":false,"pivot":{"x":0.0,"y":1.1920928955078126e-7,"z":1.4901161193847657e-8},"rotation":{"x":-0.12370726466178894,"y":-0.11080155521631241,"z":0.013901111669838429,"w":-0.9860153794288635},"size":2.0377767086029054,"orthographic":false}