{"cameraMode":{"drawMode":0,"name":"Shaded","section":"Shading Mode"},"sceneLighting":false,"audioPlay":false,"sceneViewState":{"showFog":true,"showMaterialUpdate":false,"showSkybox":false,"showFlares":true,"showImageEffects":true,"showParticleSystems":true},"in2DMode":false,"pivot":{"x":1.0461235046386719,"y":-0.28580784797668459,"z":2.9498531818389894},"rotation":{"x":-0.09664954245090485,"y":-0.4452654719352722,"z":0.0484156534075737,"w":-0.8888494968414307},"size":6.177731513977051,"orthographic":false}