{"cameraMode":{"drawMode":0,"name":"Shaded","section":"Shading Mode"},"sceneLighting":false,"audioPlay":false,"sceneViewState":{"showFog":true,"showMaterialUpdate":false,"showSkybox":false,"showFlares":true,"showImageEffects":true,"showParticleSystems":true},"in2DMode":false,"pivot":{"x":-3.494361400604248,"y":0.717926025390625,"z":-0.41208553314208987},"rotation":{"x":-0.2052147537469864,"y":0.44465041160583498,"z":-0.10543213039636612,"w":-0.8654808402061462},"size":9.42939281463623,"orthographic":false}