{"cameraMode":{"drawMode":0,"name":"Shaded","section":"Shading Mode"},"sceneLighting":true,"audioPlay":false,"sceneViewState":{"showFog":true,"showMaterialUpdate":false,"showSkybox":true,"showFlares":true,"showImageEffects":true,"showParticleSystems":true},"in2DMode":false,"pivot":{"x":-10.659064292907715,"y":5.626700401306152,"z":-3.2546746730804445},"rotation":{"x":0.16722534596920014,"y":0.18251897394657136,"z":-0.03151886537671089,"w":0.9683641195297241},"size":18.771575927734376,"orthographic":false}