{"cameraMode":{"drawMode":0,"name":"Shaded","section":"Shading Mode"},"sceneLighting":false,"audioPlay":false,"sceneViewState":{"showFog":true,"showMaterialUpdate":false,"showSkybox":false,"showFlares":true,"showImageEffects":true,"showParticleSystems":true},"in2DMode":false,"pivot":{"x":-0.3920043110847473,"y":-1.583080768585205,"z":3.3192903995513918},"rotation":{"x":-0.23498260974884034,"y":0.029734168201684953,"z":-0.007192341610789299,"w":-0.9715180993080139},"size":7.057589530944824,"orthographic":false}