{"cameraMode":{"drawMode":0,"name":"Shaded","section":"Shading Mode"},"sceneLighting":false,"audioPlay":false,"sceneViewState":{"showFog":true,"showMaterialUpdate":false,"showSkybox":false,"showFlares":true,"showImageEffects":true,"showParticleSystems":true},"in2DMode":false,"pivot":{"x":-0.0033903494477272035,"y":-0.11256778240203858,"z":-0.1822357177734375},"rotation":{"x":-0.43926993012428286,"y":-0.008896779268980027,"z":0.0043502626940608028,"w":-0.8983005881309509},"size":1.3453494310379029,"orthographic":false}